ano,mes,tipo_pagamento,demanda,demanda_int_metro,demanda_int_stec,demanda_int_brt
2024,janeiro,VALE-TRANSPORTE,6616634,3077066,192102,71173
2024,fevereiro,VALE-TRANSPORTE,6036209,2795122,172931,71056
2024,março,VALE-TRANSPORTE,6507373,3189873,186870,76684
2024,abril,VALE-TRANSPORTE,6648075,3407295,191672,82255
2024,maio,VALE-TRANSPORTE,6672768,3394621,192123,82918
2024,junho,VALE-TRANSPORTE,6087755,3105782,171017,73239
2024,julho,VALE-TRANSPORTE,7006992,3487962,191768,91557
2024,agosto,VALE-TRANSPORTE,7176217,3630674,201808,96340
2024,setembro,VALE-TRANSPORTE,6706623,3389685,189419,91793
2024,outubro,VALE-TRANSPORTE,7136392,3518283,199515,100637
2024,novembro,VALE-TRANSPORTE,6570099,3172272,182348,90412
2024,dezembro,VALE-TRANSPORTE,6615238,3199235,185005,87182
2024,janeiro,BILHETE AVULSO,5414629,3585220,174020,74693
2024,fevereiro,BILHETE AVULSO,5173955,3392303,155748,75450
2024,março,BILHETE AVULSO,5643203,3864025,175918,85069
2024,abril,BILHETE AVULSO,5784056,4158477,179707,91343
2024,maio,BILHETE AVULSO,5710597,4084465,175877,92056
2024,junho,BILHETE AVULSO,5197529,3675168,155519,82297
2024,julho,BILHETE AVULSO,5771766,4022682,167463,100807
2024,agosto,BILHETE AVULSO,5919976,4186601,174023,105100
2024,setembro,BILHETE AVULSO,5703098,3898903,169007,100257
2024,outubro,BILHETE AVULSO,5842609,4050556,178409,105655
2024,novembro,BILHETE AVULSO,5362639,3740567,159249,94823
2024,dezembro,BILHETE AVULSO,5484382,3737806,164394,94556
2024,janeiro,MEIA PASSAGEM,1055634,572138,28548,10080
2024,fevereiro,MEIA PASSAGEM,1195658,615972,30180,11639
2024,março,MEIA PASSAGEM,1746960,975798,39928,14740
2024,abril,MEIA PASSAGEM,1716025,983839,36504,14609
2024,maio,MEIA PASSAGEM,1545546,822643,36726,14306
2024,junho,MEIA PASSAGEM,1328696,702389,31136,12667
2024,julho,MEIA PASSAGEM,1737097,866291,35043,17747
2024,agosto,MEIA PASSAGEM,1974270,1039719,42419,20199
2024,setembro,MEIA PASSAGEM,1852261,946197,42588,20251
2024,outubro,MEIA PASSAGEM,1975483,1066824,44034,21053
2024,novembro,MEIA PASSAGEM,1775359,940430,39353,17772
2024,dezembro,MEIA PASSAGEM,1350858,766005,32713,15175
2024,janeiro,PAGAMENTO EM ESPÉCIE,2007450,,,
2024,fevereiro,PAGAMENTO EM ESPÉCIE,1875136,,,
2024,março,PAGAMENTO EM ESPÉCIE,1878438,,,
2024,abril,PAGAMENTO EM ESPÉCIE,1784517,,,
2024,maio,PAGAMENTO EM ESPÉCIE,1757339,,,
2024,junho,PAGAMENTO EM ESPÉCIE,1734998,,,
2024,julho,PAGAMENTO EM ESPÉCIE,1734330,,,
2024,agosto,PAGAMENTO EM ESPÉCIE,1738929,,,
2024,setembro,PAGAMENTO EM ESPÉCIE,1683857,,,
2024,outubro,PAGAMENTO EM ESPÉCIE,1719111,,,
2024,novembro,PAGAMENTO EM ESPÉCIE,1661158,,,
2024,dezembro,PAGAMENTO EM ESPÉCIE,1913995,,,
2024,janeiro,GRATUIDADE,3246741,,,
2024,fevereiro,GRATUIDADE,2909634,,,
2024,março,GRATUIDADE,3422414,,,
2024,abril,GRATUIDADE,3383801,,,
2024,maio,GRATUIDADE,3526163,,,
2024,junho,GRATUIDADE,3201283,,,
2024,julho,GRATUIDADE,3637889,,,
2024,agosto,GRATUIDADE,3675271,,,
2024,setembro,GRATUIDADE,3574698,,,
2024,outubro,GRATUIDADE,3706404,,,
2024,novembro,GRATUIDADE,3399409,,,
2024,dezembro,GRATUIDADE,3559575,,,
2023,janeiro,VALE-TRANSPORTE,6993981,2696794,204445,
2023,fevereiro,VALE-TRANSPORTE,6944495,2323122,183266,
2023,março,VALE-TRANSPORTE,7527144,2930153,215894,
2023,abril,VALE-TRANSPORTE,6511056,2509125,188698,
2023,maio,VALE-TRANSPORTE,7254790,2879900,201668,
2023,junho,VALE-TRANSPORTE,7677901,2659752,180729,
2023,julho,VALE-TRANSPORTE,7234001,2821186,203338,
2023,agosto,VALE-TRANSPORTE,7691373,2941773,213518,
2023,setembro,VALE-TRANSPORTE,6986496,2710519,196185,
2023,outubro,VALE-TRANSPORTE,7195111,2718754,199100,
2023,novembro,VALE-TRANSPORTE,6887246,2740175,193506,
2023,dezembro,VALE-TRANSPORTE,6827052,2599765,191626,
2023,janeiro,BILHETE AVULSO,5945185,3267755,172345,
2023,fevereiro,BILHETE AVULSO,5330861,2907760,158065,
2023,março,BILHETE AVULSO,6589966,3656276,193142,
2023,abril,BILHETE AVULSO,5735163,3219470,164025,
2023,maio,BILHETE AVULSO,6189790,3568369,179140,
2023,junho,BILHETE AVULSO,5638075,3284142,157334,
2023,julho,BILHETE AVULSO,6247805,3456249,175249,
2023,agosto,BILHETE AVULSO,6732473,3648553,189982,
2023,setembro,BILHETE AVULSO,6084302,3345814,171960,
2023,outubro,BILHETE AVULSO,6429151,3359738,172315,
2023,novembro,BILHETE AVULSO,6085849,3385016,168435,
2023,dezembro,BILHETE AVULSO,5932394,3179998,178442,
2023,janeiro,MEIA PASSAGEM,1108543,538756,44144,
2023,fevereiro,MEIA PASSAGEM,1479396,536503,43125,
2023,março,MEIA PASSAGEM,2048997,983550,56427,
2023,abril,MEIA PASSAGEM,1629073,821983,49876,
2023,maio,MEIA PASSAGEM,2032478,1003417,49403,
2023,junho,MEIA PASSAGEM,1504278,779355,42440,
2023,julho,MEIA PASSAGEM,1775248,718257,53928,
2023,agosto,MEIA PASSAGEM,2124672,956214,59308,
2023,setembro,MEIA PASSAGEM,2077699,974333,57538,
2023,outubro,MEIA PASSAGEM,2187782,989942,63741,
2023,novembro,MEIA PASSAGEM,1999378,963473,58666,
2023,dezembro,MEIA PASSAGEM,1348534,625442,34755,
2023,janeiro,PAGAMENTO EM ESPÉCIE,2678343,,,
2023,fevereiro,PAGAMENTO EM ESPÉCIE,2476856,,,
2023,março,PAGAMENTO EM ESPÉCIE,2481393,,,
2023,abril,PAGAMENTO EM ESPÉCIE,2284251,,,
2023,maio,PAGAMENTO EM ESPÉCIE,2176052,,,
2023,junho,PAGAMENTO EM ESPÉCIE,2138681,,,
2023,julho,PAGAMENTO EM ESPÉCIE,2279577,,,
2023,agosto,PAGAMENTO EM ESPÉCIE,2303495,,,
2023,setembro,PAGAMENTO EM ESPÉCIE,2118456,,,
2023,outubro,PAGAMENTO EM ESPÉCIE,2256407,,,
2023,novembro,PAGAMENTO EM ESPÉCIE,2060368,,,
2023,dezembro,PAGAMENTO EM ESPÉCIE,2241317,,,
2023,janeiro,GRATUIDADE,2941552,,,
2023,fevereiro,GRATUIDADE,2573112,,,
2023,março,GRATUIDADE,3296598,,,
2023,abril,GRATUIDADE,2920160,,,
2023,maio,GRATUIDADE,3126357,,,
2023,junho,GRATUIDADE,2887773,,,
2023,julho,GRATUIDADE,3258329,,,
2023,agosto,GRATUIDADE,3482958,,,
2023,setembro,GRATUIDADE,3249597,,,
2023,outubro,GRATUIDADE,3423725,,,
2023,novembro,GRATUIDADE,3368243,,,
2023,dezembro,GRATUIDADE,3282262,,,
2022,janeiro,VALE-TRANSPORTE,6202539,2201713,195901,
2022,fevereiro,VALE-TRANSPORTE,6211039,2182145,190896,
2022,março,VALE-TRANSPORTE,7009333,2530498,212844,
2022,abril,VALE-TRANSPORTE,6380203,2349318,195799,
2022,maio,VALE-TRANSPORTE,6996113,2649013,206953,
2022,junho,VALE-TRANSPORTE,6469583,2326956,192718,
2022,julho,VALE-TRANSPORTE,7041876,2649843,211581,
2022,agosto,VALE-TRANSPORTE,7487232,2896398,225084,
2022,setembro,VALE-TRANSPORTE,7033077,2735960,211000,
2022,outubro,VALE-TRANSPORTE,6874512,2657933,205150,
2022,novembro,VALE-TRANSPORTE,6791389,2635587,200442,
2022,dezembro,VALE-TRANSPORTE,7072552,2637032,212186,
2022,janeiro,BILHETE AVULSO,5448409,2902836,182527,
2022,fevereiro,BILHETE AVULSO,5722438,3005660,189162,
2022,março,BILHETE AVULSO,6597432,3543125,213505,
2022,abril,BILHETE AVULSO,6054942,3312707,198358,
2022,maio,BILHETE AVULSO,6618827,3691160,208716,
2022,junho,BILHETE AVULSO,5828021,3126707,187788,
2022,julho,BILHETE AVULSO,6193186,3471339,200655,
2022,agosto,BILHETE AVULSO,6616393,3830722,214500,
2022,setembro,BILHETE AVULSO,6253008,3586292,202507,
2022,outubro,BILHETE AVULSO,5991894,3394051,182405,
2022,novembro,BILHETE AVULSO,5924071,3344263,179453,
2022,dezembro,BILHETE AVULSO,6027572,3301056,186179,
2022,janeiro,MEIA PASSAGEM,929347,391092,27080,
2022,fevereiro,MEIA PASSAGEM,1195394,451864,30203,
2022,março,MEIA PASSAGEM,1728236,720866,40848,
2022,abril,MEIA PASSAGEM,1390144,631869,31435,
2022,maio,MEIA PASSAGEM,1764143,806585,38232,
2022,junho,MEIA PASSAGEM,1358740,609153,32349,
2022,julho,MEIA PASSAGEM,1551001,611858,37812,
2022,agosto,MEIA PASSAGEM,1948324,915022,46316,
2022,setembro,MEIA PASSAGEM,1856072,978896,42416,
2022,outubro,MEIA PASSAGEM,1877150,925602,53018,
2022,novembro,MEIA PASSAGEM,1786194,875528,53327,
2022,dezembro,MEIA PASSAGEM,1309860,613591,47002,
2022,janeiro,PAGAMENTO EM ESPÉCIE,2440540,,,
2022,fevereiro,PAGAMENTO EM ESPÉCIE,2394928,,,
2022,março,PAGAMENTO EM ESPÉCIE,2641014,,,
2022,abril,PAGAMENTO EM ESPÉCIE,2449315,,,
2022,maio,PAGAMENTO EM ESPÉCIE,2532026,,,
2022,junho,PAGAMENTO EM ESPÉCIE,2392283,,,
2022,julho,PAGAMENTO EM ESPÉCIE,2379125,,,
2022,agosto,PAGAMENTO EM ESPÉCIE,2467083,,,
2022,setembro,PAGAMENTO EM ESPÉCIE,2412711,,,
2022,outubro,PAGAMENTO EM ESPÉCIE,2508407,,,
2022,novembro,PAGAMENTO EM ESPÉCIE,2398835,,,
2022,dezembro,PAGAMENTO EM ESPÉCIE,2677282,,,
2022,janeiro,GRATUIDADE,2418572,,,
2022,fevereiro,GRATUIDADE,2447544,,,
2022,março,GRATUIDADE,2839175,,,
2022,abril,GRATUIDADE,2612190,,,
2022,maio,GRATUIDADE,2851870,,,
2022,junho,GRATUIDADE,2634958,,,
2022,julho,GRATUIDADE,2830952,,,
2022,agosto,GRATUIDADE,3040716,,,
2022,setembro,GRATUIDADE,2924592,,,
2022,outubro,GRATUIDADE,2819594,,,
2022,novembro,GRATUIDADE,2784358,,,
2022,dezembro,GRATUIDADE,2903696,,,
2021,janeiro,VALE-TRANSPORTE,5962748,1859147,,
2021,fevereiro,VALE-TRANSPORTE,5668130,1838813,,
2021,março,VALE-TRANSPORTE,5477195,1678210,,
2021,abril,VALE-TRANSPORTE,5199457,1706165,170641,
2021,maio,VALE-TRANSPORTE,5859688,2026121,169026,
2021,junho,VALE-TRANSPORTE,5521110,1933770,194218,
2021,julho,VALE-TRANSPORTE,6059383,2195561,214336,
2021,agosto,VALE-TRANSPORTE,6298556,2311210,232954,
2021,setembro,VALE-TRANSPORTE,6074021,2224678,227632,
2021,outubro,VALE-TRANSPORTE,6169602,2224174,206477,
2021,novembro,VALE-TRANSPORTE,6188205,2236957,193101,
2021,dezembro,VALE-TRANSPORTE,6318954,2262256,195878,
2021,janeiro,BILHETE AVULSO,5250847,2452839,,
2021,fevereiro,BILHETE AVULSO,4897918,2358094,,
2021,março,BILHETE AVULSO,3882776,1818932,,
2021,abril,BILHETE AVULSO,3855477,1977735,144744,
2021,maio,BILHETE AVULSO,4571800,2449352,146823,
2021,junho,BILHETE AVULSO,4317787,2327479,158208,
2021,julho,BILHETE AVULSO,4862767,2709056,178844,
2021,agosto,BILHETE AVULSO,5283319,2937156,202350,
2021,setembro,BILHETE AVULSO,5309542,2969440,204999,
2021,outubro,BILHETE AVULSO,5437833,3019182,192042,
2021,novembro,BILHETE AVULSO,5606041,3129347,185117,
2021,dezembro,BILHETE AVULSO,5702822,3173138,186658,
2021,janeiro,MEIA PASSAGEM,734139,275021,,
2021,fevereiro,MEIA PASSAGEM,694779,270184,,
2021,março,MEIA PASSAGEM,489374,162698,,
2021,abril,MEIA PASSAGEM,516762,200934,16231,
2021,maio,MEIA PASSAGEM,675310,279561,17350,
2021,junho,MEIA PASSAGEM,662940,271481,22565,
2021,julho,MEIA PASSAGEM,775792,336345,23919,
2021,agosto,MEIA PASSAGEM,963922,404005,30475,
2021,setembro,MEIA PASSAGEM,1086411,451022,33739,
2021,outubro,MEIA PASSAGEM,1199692,486219,35155,
2021,novembro,MEIA PASSAGEM,1335752,532628,33952,
2021,dezembro,MEIA PASSAGEM,1175345,484589,32852,